Job Title,Company Name,Location,Experience
PHP Frameworks,V2R Solution,Bangalore,2 to 5 Yrs
Backend Developer (Laravel),Talent Corner Hr Services Pvt Ltd,Mumbai City,3 to 8 Yrs
Sr. Software Developer (Laravel),Cyemptive Technologies,Bangalore,5 to 10 Yrs
PHP Developer,Paperstalk,Mumbai City,3 to 5 Yrs
Web Developer,Easygolife Web Solutions,Mumbai City,3 to 8 Yrs
PHP Developer,Daksha Info Services Private Limited,Bangalore,2 to 7 Yrs
PHP Developers,Triguns,Mumbai City,2 to 5 Yrs
PHP Developers,Triguns,Mumbai City,2 to 7 Yrs
Sr. Software Engineer,Ingram Micro (I) Pvt Ltd,Mumbai City,6 to 11 Yrs
PHP Developer,AppsInvo Pvt. Ltd.,Bangalore,1 to 5 Yrs
PHP Developer,Dinero Software,Mumbai City,2 to 5 Yrs
PHP Developer,careerguideline,Mumbai City,2 to 5 Yrs
Senior PHP Programmer,Markelytics Solutions Ltd.,Mumbai City,4 to 9 Yrs
PHP Developer,Verve Logic,Jaipur,1 to 5 Yrs
PHP Developer +,Swan Solution And Services P. Ltd,Mumbai City,2 to 6 Yrs
PHP Developer,Property Megamart Pvt. Ltd.,Mumbai City,1 to 6 Yrs
PHP Codeigniter Developer,Mohipuri Technologies Pvt Ltd.,Mumbai City,1 to 6 Yrs
PHP Developer,Nimap Infotech LLP,Mumbai City,1 to 6 Yrs
Php / Web Developer,FloorKey.com,Mumbai City,3 to 6 Yrs
PHP Engineer (Mumbai),MassBlurb (Mass Blurb Pvt. Ltd.),Mumbai City,2 to 5 Yrs
